sketch_dim,top8_overlap,top16_overlap,top32_overlap,top64_overlap,rank_correlation
8,0.0,0.0,0.0625,0.0625,0.821606
16,0.125,0.125,0.15625,0.125,0.8555
32,0.0,0.0,0.03125,0.09375,0.872534
64,0.0,0.0,0.09375,0.125,0.879459
